id,firstname,email
0,Raina,Raina@macow.io
1,Jenda,Jenda@macow.io
2,Moyna,Moyna@macow.io
3,Ketti,Ketti@macow.io
4,Karena,Karena@macow.io
5,Myrtice,Myrtice@macow.io
6,Jordan,Jordan@macow.io
7,Blake,Blake@macow.io
8,Mureil,Mureil@macow.io
9,Harrietta,Harrietta@macow.io
10,Nannie,Nannie@macow.io
11,Ottilie,Ottilie@macow.io
12,Elora,Elora@macow.io
13,Ethel,Ethel@macow.io
14,Lanna,Lanna@macow.io
15,Lucille,Lucille@macow.io
16,Hayley,Hayley@macow.io
17,Marylou,Marylou@macow.io
18,Christy,Christy@macow.io
19,Kamilah,Kamilah@macow.io
20,Maryellen,Maryellen@macow.io
21,Gabriellia,Gabriellia@macow.io
22,Clarice,Clarice@macow.io
23,Mariele,Mariele@macow.io
24,Bertine,Bertine@macow.io
25,Ayn,Ayn@macow.io
26,Kimberley,Kimberley@macow.io
27,Lila,Lila@macow.io
28,Imojean,Imojean@macow.io
29,Ardys,Ardys@macow.io
30,Deirdre,Deirdre@macow.io
31,Consuela,Consuela@macow.io
32,Corene,Corene@macow.io
33,Lucy,Lucy@macow.io
34,Sindee,Sindee@macow.io
35,Almeta,Almeta@macow.io
36,Arlina,Arlina@macow.io
37,Alisha,Alisha@macow.io
38,Lynnea,Lynnea@macow.io
39,Sadie,Sadie@macow.io
40,Teriann,Teriann@macow.io
41,Tina,Tina@macow.io
42,Harrietta,Harrietta@macow.io
43,Vere,Vere@macow.io
44,Binny,Binny@macow.io
45,Asia,Asia@macow.io
46,Queenie,Queenie@macow.io
47,Dyann,Dyann@macow.io
48,Gloria,Gloria@macow.io
49,Joceline,Joceline@macow.io
50,Lizzie,Lizzie@macow.io
51,Jinny,Jinny@macow.io
52,Kimberley,Kimberley@macow.io
53,Renie,Renie@macow.io
54,Mallory,Mallory@macow.io
55,Cacilie,Cacilie@macow.io
56,Brooks,Brooks@macow.io
57,Danika,Danika@macow.io
58,Rosanne,Rosanne@macow.io
59,Ermengarde,Ermengarde@macow.io
60,Viki,Viki@macow.io
61,Kassey,Kassey@macow.io
62,Carly,Carly@macow.io
63,Fanchon,Fanchon@macow.io
64,Alex,Alex@macow.io
65,Glenda,Glenda@macow.io
66,Korrie,Korrie@macow.io
67,Eadie,Eadie@macow.io
68,Teddie,Teddie@macow.io
69,Abbie,Abbie@macow.io
70,Latisha,Latisha@macow.io
71,Lily,Lily@macow.io
72,Jere,Jere@macow.io
73,Gerianna,Gerianna@macow.io
74,Kenna,Kenna@macow.io
75,Wendi,Wendi@macow.io
76,Maud,Maud@macow.io
77,Demetris,Demetris@macow.io
78,Madalyn,Madalyn@macow.io
79,Coral,Coral@macow.io
80,Yetty,Yetty@macow.io
81,Cherrita,Cherrita@macow.io
82,Robinia,Robinia@macow.io
83,Quintina,Quintina@macow.io
84,Monika,Monika@macow.io
85,Mathilda,Mathilda@macow.io
86,Aryn,Aryn@macow.io
87,Nonnah,Nonnah@macow.io
88,Arabel,Arabel@macow.io
89,Joleen,Joleen@macow.io
90,Gerrie,Gerrie@macow.io
91,Nariko,Nariko@macow.io
92,Ernesta,Ernesta@macow.io
93,Bernardine,Bernardine@macow.io
94,Rayna,Rayna@macow.io
95,Gilligan,Gilligan@macow.io
96,Nickie,Nickie@macow.io
97,Josephine,Josephine@macow.io
98,Courtnay,Courtnay@macow.io
99,Daryl,Daryl@macow.io